,時間,ソアリン,トイ・ストーリ・マニア,タワー・オブ・テラー,センター・オブ・ジアース,インディジョーンズ,レイジングスピリッツ,マジックランプシアター,タートル・トーク,海底２万マイル,ヴェネツィアン・ゴンドラ,ニモ＆フレンズ・シーライダ,アクアトピア,キャラバンカルーセル,ジャスミンのフライングカーペット,シンドバッド・ストーリーブック,フランダーのフライングフィッシュ,スカットルのスクーター,ブローフィッシュバルーン,ワールプール,ジャンピン・ジェリーフィッシュ,スチーマーライン(フロント),スチーマーライン(ロスト),スチーマーライン(ハーバー),レールウェイ(フロント),スチーマーライン(ポート),ビッグシティ・ヴィークル,曜日_数値,休日
0,2020-12-22 09:00:00,0,30,0,30,5,5,0,0,0,0,0,0,0,0,5,0,0,5,0,0,0,0,0,5,0,0,1,0
1,2020-12-22 09:15:00,0,45,20,30,5,5,0,0,0,0,0,0,0,0,5,5,0,5,0,0,0,0,0,5,5,0,1,0
2,2020-12-22 09:30:00,0,50,20,30,25,10,0,0,0,0,10,0,5,0,5,5,0,5,0,0,0,0,0,5,5,0,1,0
3,2020-12-22 09:45:00,0,50,30,35,40,25,0,0,0,15,10,0,5,0,5,5,0,5,0,0,0,5,5,5,5,0,1,0
4,2020-12-22 10:00:00,0,40,45,35,40,30,30,10,0,20,10,5,5,0,5,5,0,5,0,0,0,5,5,5,5,0,1,0
5,2020-12-22 10:15:00,0,35,40,40,40,35,25,15,0,25,15,10,5,0,5,5,5,5,5,5,0,5,5,5,5,0,1,0
6,2020-12-22 10:30:00,0,0,0,0,0,25,30,15,0,25,15,5,5,0,5,10,5,5,5,5,0,5,5,5,5,0,1,0
7,2020-12-22 10:45:00,0,0,0,0,0,0,20,15,5,25,15,5,5,0,5,10,5,5,5,5,0,5,5,5,5,0,1,0
8,2020-12-22 11:00:00,0,0,0,0,0,0,10,25,10,25,20,5,5,0,5,10,5,5,5,5,0,0,0,5,5,0,1,0
9,2020-12-22 11:15:00,0,0,0,0,0,5,25,25,15,25,25,10,5,0,5,15,5,10,5,5,0,0,0,5,5,0,1,0
10,2020-12-22 11:30:00,0,0,15,0,0,25,20,25,15,0,25,10,5,0,5,20,5,10,10,5,0,0,0,5,5,0,1,0
11,2020-12-22 11:45:00,0,0,15,0,0,30,0,10,15,10,25,10,5,0,5,20,5,10,10,5,5,5,5,5,5,0,1,0
12,2020-12-22 12:00:00,0,0,0,0,0,0,0,15,10,10,25,10,5,0,5,10,5,10,10,5,5,5,5,5,5,0,1,0
13,2020-12-22 12:15:00,0,0,0,0,0,0,0,0,5,10,15,5,5,0,5,15,5,15,10,5,5,5,5,5,10,5,1,0
14,2020-12-22 12:30:00,0,0,0,0,0,0,0,0,5,20,15,5,5,0,5,20,5,15,5,5,5,5,5,10,10,5,1,0
15,2020-12-22 12:45:00,0,0,0,0,0,0,30,0,5,20,15,5,5,0,5,20,5,15,5,5,5,5,5,5,10,5,1,0
16,2020-12-22 13:00:00,0,0,0,0,0,0,25,15,5,20,20,5,5,0,5,15,5,15,5,5,5,5,5,5,10,5,1,0
17,2020-12-22 13:15:00,0,0,0,0,0,0,10,20,10,20,20,5,5,0,5,15,5,20,5,5,5,5,5,5,10,5,1,0
18,2020-12-22 13:30:00,0,0,0,0,0,0,25,25,10,20,20,5,5,0,5,20,10,20,5,5,5,5,5,10,10,5,1,0
19,2020-12-22 13:45:00,0,0,0,0,0,0,20,10,5,25,15,5,5,0,5,20,5,15,10,5,0,5,5,5,10,5,1,0
20,2020-12-22 14:00:00,0,0,0,0,0,0,0,0,5,0,15,5,5,0,5,15,5,20,10,5,0,0,0,5,10,5,1,0
21,2020-12-22 14:15:00,0,0,0,0,0,0,0,0,5,0,10,5,10,0,5,15,5,20,10,5,0,0,0,10,10,5,1,0
22,2020-12-22 14:30:00,0,0,0,0,0,0,0,0,5,0,10,5,5,0,5,15,5,20,10,5,0,0,0,10,15,5,1,0
23,2020-12-22 14:45:00,0,0,0,0,0,0,0,0,5,15,10,5,5,0,5,15,10,20,10,5,5,5,5,10,10,5,1,0
24,2020-12-22 15:00:00,0,0,0,0,0,0,0,0,5,25,10,5,5,0,5,20,5,25,10,5,10,5,5,15,15,10,1,0
25,2020-12-22 15:15:00,0,0,15,0,0,0,0,0,5,35,10,5,5,0,5,20,5,20,10,5,10,5,5,15,15,5,1,0
26,2020-12-22 15:30:00,0,0,20,0,0,0,0,0,5,35,10,5,5,0,5,15,5,15,20,5,10,5,5,10,15,5,1,0
27,2020-12-22 15:45:00,0,0,15,0,0,0,0,0,10,35,10,5,5,0,5,15,10,15,10,5,20,5,5,10,10,5,1,0
28,2020-12-22 16:00:00,0,0,0,0,0,0,0,0,5,35,10,5,5,0,5,10,5,15,10,5,15,5,5,5,10,5,1,0
29,2020-12-22 16:15:00,0,0,0,0,0,0,0,0,5,35,10,5,5,0,5,10,5,15,10,5,5,5,5,5,10,5,1,0
30,2020-12-22 16:30:00,0,0,0,0,0,0,0,0,5,35,10,5,5,0,5,15,5,15,10,5,5,5,5,5,10,5,1,0
31,2020-12-22 16:45:00,0,0,0,0,0,0,0,0,5,40,10,5,5,0,5,15,5,15,15,5,5,5,5,5,10,10,1,0
32,2020-12-22 17:00:00,0,0,0,0,0,0,0,25,5,40,10,5,5,0,5,15,5,15,10,5,5,5,5,15,15,0,1,0
33,2020-12-22 17:15:00,0,0,0,0,0,0,0,30,5,40,10,5,5,0,5,15,5,15,10,5,5,5,5,10,15,0,1,0
34,2020-12-22 17:30:00,0,0,0,0,0,0,0,15,5,35,10,5,5,0,5,15,5,15,10,5,5,5,5,10,15,0,1,0
35,2020-12-22 17:45:00,0,0,0,0,0,0,0,15,5,35,10,5,5,0,5,15,5,15,10,5,5,5,5,10,15,0,1,0
36,2020-12-22 18:00:00,0,0,0,0,0,0,0,15,5,35,10,5,5,0,5,15,5,15,10,5,5,5,5,10,15,0,1,0
37,2020-12-22 18:15:00,0,0,0,0,0,0,0,15,5,40,10,5,5,0,5,5,5,15,10,5,5,5,5,5,10,0,1,0
38,2020-12-22 18:30:00,0,0,0,0,0,0,0,25,5,35,10,5,5,0,5,5,5,15,5,5,5,5,5,10,10,0,1,0
39,2020-12-22 18:45:00,0,0,0,0,0,0,0,15,5,30,10,5,5,0,5,10,5,15,5,5,5,5,5,10,10,0,1,0
40,2020-12-22 19:00:00,0,20,5,0,0,0,0,15,5,30,10,5,5,0,5,10,5,15,5,5,0,5,5,10,15,0,1,0
41,2020-12-22 19:15:00,0,20,20,30,35,20,0,15,5,45,10,5,5,0,5,10,5,15,5,5,0,5,5,10,15,0,1,0
42,2020-12-22 19:30:00,0,25,20,30,30,15,0,20,5,45,10,5,5,0,5,10,5,5,5,5,0,5,5,5,15,0,1,0
43,2020-12-22 19:45:00,0,30,20,30,25,15,0,10,5,40,10,5,5,0,5,10,5,5,5,5,0,5,5,5,15,0,1,0
44,2020-12-22 20:00:00,0,20,15,25,20,15,0,0,5,30,10,5,5,0,5,5,5,5,5,5,0,5,5,5,10,0,1,0
45,2020-12-22 20:15:00,0,25,15,25,15,20,0,0,5,40,10,5,5,0,5,5,5,5,5,5,0,5,5,5,5,0,1,0
46,2020-12-22 20:30:00,0,25,15,25,5,20,0,0,5,0,10,5,5,0,5,5,5,5,5,5,0,5,0,5,5,0,1,0
47,2020-12-22 20:45:00,0,20,15,20,5,15,0,0,5,0,10,5,5,0,5,5,5,5,5,5,0,5,0,5,5,0,1,0
48,2020-12-23 09:00:00,0,0,10,30,0,0,0,0,5,0,10,0,0,0,5,5,0,5,0,0,0,0,0,5,0,0,2,0
49,2020-12-23 09:15:00,0,0,10,30,5,5,0,0,5,0,10,0,0,0,5,5,0,5,0,0,0,0,0,5,0,0,2,0
50,2020-12-23 09:30:00,0,0,35,45,30,15,0,0,5,0,10,0,0,0,5,5,0,5,0,0,0,0,0,5,5,0,2,0
51,2020-12-23 09:45:00,0,0,30,50,50,30,0,0,5,25,15,0,5,0,5,5,0,5,0,0,0,5,5,5,5,0,2,0
52,2020-12-23 10:00:00,0,0,35,40,40,40,0,10,10,35,15,5,5,0,5,5,5,5,0,0,0,5,5,5,5,0,2,0
53,2020-12-23 10:15:00,0,0,35,40,0,30,20,15,5,30,15,10,5,0,5,5,5,5,5,5,0,5,5,5,5,0,2,0
54,2020-12-23 10:30:00,0,0,0,0,0,35,10,15,5,20,15,10,5,0,5,15,5,5,5,5,0,5,5,5,5,0,2,0
55,2020-12-23 10:45:00,0,0,0,0,0,40,20,15,10,30,15,10,5,0,5,15,10,5,5,5,0,5,5,5,5,0,2,0
56,2020-12-23 11:00:00,0,0,0,0,0,45,30,30,15,0,15,10,5,0,5,15,10,5,5,5,0,0,0,5,5,0,2,0
57,2020-12-23 11:15:00,0,0,0,0,0,45,25,25,10,0,20,10,5,0,5,15,10,10,5,5,0,0,0,5,5,0,2,0
58,2020-12-23 11:30:00,0,0,0,0,0,45,10,25,5,0,20,10,5,0,5,15,10,10,10,5,0,0,0,5,5,0,2,0
59,2020-12-23 11:45:00,0,0,30,0,0,45,30,25,5,10,45,10,5,0,5,20,10,15,5,5,5,5,5,5,5,0,2,0
60,2020-12-23 12:00:00,0,0,15,0,0,0,15,15,5,10,30,15,5,0,5,25,10,15,5,5,5,5,5,5,5,0,2,0
61,2020-12-23 12:15:00,0,0,25,0,0,0,35,15,5,15,25,15,5,0,5,20,10,15,10,10,5,5,5,10,5,5,2,0
62,2020-12-23 12:30:00,0,0,25,0,0,0,20,15,5,15,15,5,5,0,5,20,15,20,10,10,5,5,5,10,5,5,2,0
63,2020-12-23 12:45:00,0,0,0,0,0,0,40,15,5,25,15,5,5,0,5,20,15,20,10,5,5,5,5,10,5,5,2,0
64,2020-12-23 13:00:00,0,0,0,0,0,0,20,25,5,30,15,5,5,0,5,20,15,20,10,5,5,5,5,5,10,5,2,0
65,2020-12-23 13:15:00,0,0,0,0,0,0,10,25,5,30,15,5,5,0,5,20,15,20,10,5,5,5,5,10,15,5,2,0
66,2020-12-23 13:30:00,0,0,0,0,0,0,30,30,5,30,20,10,5,0,5,20,10,20,10,5,5,5,5,15,15,5,2,0
67,2020-12-23 13:45:00,0,0,0,0,0,0,15,25,5,30,20,10,5,0,5,20,10,20,10,5,5,5,5,15,10,5,2,0
68,2020-12-23 14:00:00,0,0,0,0,0,0,0,0,5,0,20,5,5,0,5,25,10,20,15,5,0,0,0,15,10,5,2,0
69,2020-12-23 14:15:00,0,0,0,0,0,0,0,0,5,0,20,5,5,0,5,20,10,15,10,5,0,0,0,10,15,5,2,0
70,2020-12-23 14:30:00,0,0,0,0,0,0,0,0,5,0,20,10,5,0,5,15,10,15,15,10,0,0,0,10,15,5,2,0
71,2020-12-23 14:45:00,0,0,0,0,0,0,0,0,5,25,20,10,5,0,5,15,10,20,15,10,5,0,5,10,15,5,2,0
72,2020-12-23 15:00:00,0,0,0,0,0,0,0,0,5,30,20,10,5,0,5,20,15,25,20,10,5,5,5,10,15,5,2,0
73,2020-12-23 15:15:00,0,0,0,0,0,0,0,0,5,30,15,10,5,0,5,20,10,25,20,10,5,5,5,10,15,5,2,0
74,2020-12-23 15:30:00,0,0,0,0,0,0,0,0,5,30,15,10,5,0,5,20,5,20,15,5,5,5,5,10,15,5,2,0
75,2020-12-23 15:45:00,0,0,0,0,0,0,0,0,10,40,15,0,5,0,5,15,5,20,15,5,5,5,5,15,15,5,2,0
76,2020-12-23 16:00:00,0,0,0,0,0,0,0,0,5,40,20,0,5,0,5,20,5,15,15,5,5,5,5,10,10,5,2,0
77,2020-12-23 16:15:00,0,0,0,0,0,0,0,0,5,45,40,0,5,0,5,20,5,15,15,5,5,5,5,15,10,5,2,0
78,2020-12-23 16:30:00,0,0,0,0,0,0,0,0,5,45,15,0,5,0,5,20,10,20,15,5,5,5,5,15,10,5,2,0
79,2020-12-23 16:45:00,0,0,0,0,0,0,0,0,5,45,15,0,5,0,5,20,10,25,10,5,5,5,5,15,10,5,2,0
80,2020-12-23 17:00:00,0,0,0,0,0,0,25,25,5,45,15,5,5,0,5,15,10,15,15,5,5,5,5,15,10,0,2,0
81,2020-12-23 17:15:00,0,0,0,0,0,0,10,25,5,45,15,5,5,0,5,15,5,15,15,5,5,5,5,20,10,0,2,0
82,2020-12-23 17:30:00,0,0,0,0,0,0,25,15,5,40,15,10,5,0,5,15,5,20,15,5,5,5,5,15,15,0,2,0
83,2020-12-23 17:45:00,0,0,0,0,0,0,10,15,5,45,10,5,5,0,5,15,5,20,10,5,5,5,5,15,20,0,2,0
84,2020-12-23 18:00:00,0,0,0,0,0,0,30,15,5,45,10,5,5,0,5,15,5,15,10,5,5,5,5,10,20,0,2,0
85,2020-12-23 18:15:00,0,0,0,0,0,0,15,10,5,45,10,5,5,0,5,5,5,15,10,5,5,5,5,10,20,0,2,0
86,2020-12-23 18:30:00,0,0,0,0,0,0,35,15,5,40,10,5,5,0,5,10,5,10,5,5,5,5,5,10,20,0,2,0
87,2020-12-23 18:45:00,0,0,0,0,0,0,20,10,5,35,10,5,5,0,5,10,5,10,5,5,5,5,5,10,15,0,2,0
88,2020-12-23 19:00:00,0,20,30,40,0,15,30,10,5,40,10,5,5,0,5,5,5,10,10,5,0,5,5,10,15,0,2,0
89,2020-12-23 19:15:00,0,35,20,30,20,15,20,15,5,45,10,5,5,0,5,5,5,10,15,5,0,5,5,5,20,0,2,0
90,2020-12-23 19:30:00,0,35,20,35,25,15,0,20,5,45,10,5,5,0,5,5,5,10,10,5,0,5,5,5,15,0,2,0
91,2020-12-23 19:45:00,0,30,20,35,20,20,0,10,5,40,10,5,5,0,5,5,5,10,5,5,0,5,5,5,10,0,2,0
92,2020-12-23 20:00:00,0,30,25,25,10,25,0,0,5,35,10,5,5,0,5,5,5,10,5,5,0,5,5,5,10,0,2,0
93,2020-12-23 20:15:00,0,35,25,30,10,20,0,0,5,45,10,5,5,0,5,5,5,10,5,5,0,5,5,5,5,0,2,0
94,2020-12-23 20:30:00,0,40,30,30,15,20,0,0,5,0,10,5,5,0,5,5,5,10,5,5,0,5,0,5,5,0,2,0
95,2020-12-23 20:45:00,0,25,0,25,10,10,0,0,5,0,10,5,5,0,5,5,5,10,5,5,0,5,0,5,5,0,2,0
96,2020-12-24 09:00:00,0,45,0,20,0,0,0,0,5,0,10,0,0,0,5,0,0,5,0,0,0,0,0,5,0,0,3,0
97,2020-12-24 09:15:00,0,50,35,45,0,5,0,0,5,0,10,0,0,0,5,5,0,5,0,0,0,0,0,5,5,0,3,0
98,2020-12-24 09:30:00,0,60,50,50,10,15,0,0,5,0,10,0,5,0,5,5,0,5,0,0,0,0,0,5,5,0,3,0
99,2020-12-24 09:45:00,0,50,50,50,45,35,0,0,10,20,10,0,5,0,5,5,0,5,0,0,0,5,5,5,5,0,3,0
100,2020-12-24 10:00:00,0,0,45,50,0,45,30,10,5,25,20,5,5,0,5,10,5,5,0,5,0,5,5,5,5,0,3,0
101,2020-12-24 10:15:00,0,0,40,45,0,50,20,15,5,30,20,10,5,0,5,15,10,5,5,5,0,5,5,5,5,0,3,0
102,2020-12-24 10:30:00,0,0,50,0,0,45,10,15,5,20,20,10,5,0,5,15,5,10,5,5,0,5,5,5,5,0,3,0
103,2020-12-24 10:45:00,0,0,55,0,0,45,20,15,5,20,15,10,5,0,5,15,5,10,5,5,0,5,5,5,5,0,3,0
104,2020-12-24 11:00:00,0,0,60,0,0,50,40,15,10,0,15,10,5,0,5,20,5,15,5,5,0,5,5,5,5,0,3,0
105,2020-12-24 11:15:00,0,0,65,0,0,60,25,15,10,0,15,10,5,0,5,20,5,15,5,5,0,5,5,5,5,0,3,0
106,2020-12-24 11:30:00,0,0,45,0,0,45,15,25,10,0,25,10,5,0,5,20,10,15,10,5,0,0,0,5,5,0,3,0
107,2020-12-24 11:45:00,0,0,40,0,0,45,40,25,10,5,25,5,5,0,5,20,10,15,5,5,5,5,5,5,5,0,3,0
108,2020-12-24 12:00:00,0,0,0,0,0,30,15,25,10,10,20,10,5,0,5,15,10,20,10,5,5,5,5,5,5,0,3,0
109,2020-12-24 12:15:00,0,0,0,0,0,0,40,25,5,10,20,5,5,0,5,20,5,20,10,5,5,5,5,5,10,5,3,0
110,2020-12-24 12:30:00,0,0,0,0,0,0,15,30,10,15,20,5,5,0,5,25,5,25,10,5,5,5,5,10,10,5,3,0
111,2020-12-24 12:45:00,0,0,0,0,0,0,40,30,5,15,25,5,5,0,5,20,10,25,10,10,5,5,5,5,5,5,3,0
112,2020-12-24 13:00:00,0,0,0,0,0,0,20,30,5,25,20,5,5,0,5,20,15,20,10,10,5,5,5,10,10,5,3,0
113,2020-12-24 13:15:00,0,0,0,0,0,0,40,25,5,20,20,5,5,0,0,20,5,20,20,10,5,5,5,10,10,5,3,0
114,2020-12-24 13:30:00,0,0,0,0,0,0,30,35,10,20,20,10,5,0,0,20,10,25,20,10,5,5,5,10,10,5,3,0
115,2020-12-24 13:45:00,0,0,0,0,0,0,0,25,10,20,20,15,5,0,0,20,25,25,25,10,5,5,5,10,10,5,3,0
116,2020-12-24 14:00:00,0,0,0,0,0,0,0,0,5,20,20,10,5,0,5,20,20,25,20,10,5,0,5,10,10,5,3,0
117,2020-12-24 14:15:00,0,0,0,0,0,0,0,0,10,0,20,5,5,0,5,25,15,25,20,10,0,0,0,15,15,5,3,0
118,2020-12-24 14:30:00,0,0,0,0,0,0,0,0,10,0,25,5,10,0,10,15,15,20,20,5,0,0,0,10,10,5,3,0
119,2020-12-24 14:45:00,0,0,0,0,0,0,0,0,5,25,25,5,10,0,10,15,15,25,15,15,5,5,10,10,10,5,3,0
120,2020-12-24 15:00:00,0,0,0,0,0,0,0,0,5,35,25,5,5,0,10,30,10,30,15,5,5,5,10,10,15,5,3,0
121,2020-12-24 15:15:00,0,0,0,0,0,0,0,0,5,25,25,5,5,0,5,20,15,30,15,10,5,5,10,10,15,5,3,0
122,2020-12-24 15:30:00,0,0,0,0,0,0,0,0,10,30,20,5,5,0,5,20,15,30,20,10,5,5,10,10,15,5,3,0
123,2020-12-24 15:45:00,0,0,0,0,0,0,0,0,20,35,20,5,5,0,5,25,15,30,20,10,5,5,10,15,15,5,3,0
124,2020-12-24 16:00:00,0,0,0,0,0,0,0,0,15,35,20,5,5,0,5,20,15,25,25,10,5,5,10,10,15,5,3,0
125,2020-12-24 16:15:00,0,0,0,0,0,0,0,0,10,45,20,5,5,0,10,20,15,25,25,5,5,5,10,15,15,5,3,0
126,2020-12-24 16:30:00,0,0,0,0,0,0,0,0,5,40,20,5,5,0,10,20,15,25,20,10,5,5,10,20,15,5,3,0
127,2020-12-24 16:45:00,0,0,0,0,0,0,0,0,5,50,25,5,5,0,10,20,10,30,20,10,5,5,10,20,15,5,3,0
128,2020-12-24 17:00:00,0,0,0,0,0,0,25,30,5,55,20,5,5,0,10,25,10,25,20,10,5,5,10,15,15,0,3,0
129,2020-12-24 17:15:00,0,0,0,0,0,0,40,25,5,55,20,5,5,0,10,20,10,20,20,10,5,5,10,15,15,0,3,0
130,2020-12-24 17:30:00,0,0,0,0,0,0,25,25,5,55,20,5,5,0,10,20,10,20,15,10,5,5,10,10,15,0,3,0
131,2020-12-24 17:45:00,0,0,0,0,0,0,50,15,5,45,20,5,5,0,5,15,10,15,15,10,5,5,10,10,15,0,3,0
132,2020-12-24 18:00:00,0,0,0,0,0,0,30,15,5,55,15,5,5,0,5,15,10,20,15,5,5,5,10,10,15,0,3,0
133,2020-12-24 18:15:00,0,30,0,0,0,0,50,15,5,65,15,5,5,0,5,15,10,20,15,5,5,10,5,10,15,0,3,0
134,2020-12-24 18:30:00,0,90,0,0,0,0,35,25,5,65,10,5,5,0,5,10,10,20,10,5,15,20,5,10,20,0,3,0
135,2020-12-24 18:45:00,0,100,0,0,0,0,20,25,5,70,10,5,5,0,5,10,10,15,15,5,0,10,5,10,15,0,3,0
136,2020-12-24 19:00:00,0,50,0,25,20,20,40,25,5,65,10,5,5,0,5,15,10,15,10,5,0,10,5,10,15,0,3,0
137,2020-12-24 19:15:00,0,35,60,40,20,25,25,30,5,55,10,5,5,0,5,15,5,15,10,5,0,10,5,10,15,0,3,0
138,2020-12-24 19:30:00,0,35,40,50,45,30,15,15,5,50,10,5,5,0,5,10,5,10,5,5,0,10,5,10,15,0,3,0
139,2020-12-24 19:45:00,0,35,40,45,45,35,0,0,5,50,10,5,5,0,5,5,5,10,5,5,0,10,5,5,15,0,3,0
140,2020-12-24 20:00:00,0,35,45,45,40,30,0,0,5,50,10,5,5,0,5,5,5,5,5,5,0,10,5,5,15,0,3,0
141,2020-12-24 20:15:00,0,35,40,45,30,30,0,0,5,50,10,5,5,0,5,5,5,5,5,5,0,10,5,5,10,0,3,0
142,2020-12-24 20:30:00,0,35,0,0,30,30,0,0,5,0,10,5,5,0,5,5,5,5,5,5,0,10,0,5,10,0,3,0
143,2020-12-24 20:45:00,0,35,0,0,0,0,0,0,5,0,10,5,5,0,5,5,5,5,5,5,0,5,0,5,5,0,3,0
144,2020-12-25 09:00:00,0,0,0,0,0,0,0,0,0,0,0,0,0,0,0,0,0,0,0,0,0,0,0,0,0,0,4,0
145,2020-12-25 09:15:00,0,60,30,40,20,5,0,0,5,0,10,0,0,0,5,5,0,5,0,0,0,0,0,5,5,0,4,0
146,2020-12-25 09:30:00,0,0,30,40,50,15,0,0,5,0,10,0,0,0,5,5,0,5,0,0,0,0,0,5,5,0,4,0
147,2020-12-25 09:45:00,0,0,60,0,55,60,0,0,10,25,15,0,0,0,5,5,0,5,0,0,0,5,5,5,5,0,4,0
148,2020-12-25 10:00:00,0,0,70,0,0,60,0,10,15,45,20,10,0,0,5,15,0,10,5,0,0,5,5,5,5,0,4,0
149,2020-12-25 10:15:00,0,0,50,0,0,70,0,15,15,45,30,20,0,0,5,20,5,5,5,5,0,5,5,5,5,0,4,0
150,2020-12-25 10:30:00,0,0,50,0,0,60,0,15,10,35,30,20,5,0,5,30,5,5,5,5,0,5,5,5,5,0,4,0
151,2020-12-25 10:45:00,0,0,50,0,0,60,0,30,15,0,30,15,0,0,5,0,20,15,15,10,0,5,5,5,5,0,4,0
152,2020-12-25 11:00:00,0,0,50,0,0,60,0,30,15,0,30,0,5,0,0,15,20,15,15,10,0,5,5,0,0,0,4,0
153,2020-12-25 11:15:00,0,0,60,0,0,60,0,30,15,0,30,20,5,0,5,20,15,20,15,5,0,0,0,10,10,0,4,0
154,2020-12-25 11:30:00,0,0,50,0,0,60,15,25,15,0,30,15,5,0,5,25,15,20,15,10,0,0,0,5,5,0,4,0
155,2020-12-25 11:45:00,0,0,50,0,0,0,30,25,15,0,30,15,5,0,5,25,15,20,15,10,0,0,0,5,5,0,4,0
156,2020-12-25 12:00:00,0,0,0,0,0,0,45,25,15,20,30,10,5,0,10,25,15,25,10,10,5,5,5,5,5,0,4,0
157,2020-12-25 12:15:00,0,0,0,0,0,0,30,30,15,35,30,10,5,0,10,25,25,25,20,10,5,5,5,10,10,0,4,0
158,2020-12-25 12:30:00,0,0,0,0,0,0,55,30,15,35,35,20,5,0,10,25,25,25,15,10,5,5,5,5,10,5,4,0
159,2020-12-25 12:45:00,0,0,0,0,0,0,40,30,10,35,35,20,5,0,10,25,20,25,15,10,5,5,5,5,15,5,4,0
160,2020-12-25 13:00:00,0,0,0,0,0,0,25,30,15,35,30,15,5,0,10,20,15,20,15,15,5,10,5,10,15,5,4,0
161,2020-12-25 13:15:00,0,0,0,0,0,0,40,35,15,35,30,15,5,0,10,25,10,30,15,5,5,15,5,10,15,5,4,0
162,2020-12-25 13:30:00,0,0,0,0,0,0,30,40,10,30,30,20,5,0,15,25,15,25,20,10,5,15,5,10,15,5,4,0
163,2020-12-25 13:45:00,0,0,0,0,0,0,0,35,15,25,30,20,5,0,10,25,20,25,20,10,5,15,5,10,15,5,4,0
164,2020-12-25 14:00:00,0,0,0,0,0,0,0,0,10,0,30,20,5,0,10,25,20,30,15,10,0,0,0,10,15,5,4,0
165,2020-12-25 14:15:00,0,0,0,0,0,0,0,0,10,0,30,20,5,0,10,25,20,40,15,10,0,0,0,15,15,5,4,0
166,2020-12-25 14:30:00,0,0,0,0,0,0,0,0,10,0,30,20,5,0,10,25,20,25,15,10,0,0,0,15,20,5,4,0
167,2020-12-25 14:45:00,0,0,0,0,0,0,0,0,10,25,25,15,5,0,5,25,20,35,15,10,5,5,5,10,15,5,4,0
168,2020-12-25 15:00:00,0,0,0,0,0,0,0,0,10,40,25,15,5,0,10,25,20,30,20,10,5,5,5,10,20,5,4,0
169,2020-12-25 15:15:00,0,0,0,0,0,0,0,0,10,40,30,10,5,0,10,30,20,30,20,10,5,20,5,10,15,5,4,0
170,2020-12-25 15:30:00,0,0,0,0,0,0,0,0,10,45,30,15,5,0,10,30,20,30,25,10,5,20,5,30,20,5,4,0
171,2020-12-25 15:45:00,0,0,0,0,0,0,0,0,10,45,30,15,5,0,10,30,15,35,25,10,5,20,5,20,15,5,4,0
172,2020-12-25 16:00:00,0,0,0,0,0,0,0,0,5,45,30,10,5,0,5,30,15,25,20,15,10,10,5,20,15,5,4,0
173,2020-12-25 16:15:00,0,0,0,0,0,0,0,0,10,50,25,10,5,0,5,30,15,30,15,15,15,10,10,15,20,5,4,0
174,2020-12-25 16:30:00,0,0,0,0,0,0,0,0,10,45,25,15,5,0,5,30,15,35,20,10,15,15,5,15,15,10,4,0
175,2020-12-25 16:45:00,0,0,0,0,0,0,0,0,10,55,20,15,5,0,5,25,15,30,20,10,15,15,5,15,20,5,4,0
176,2020-12-25 17:00:00,0,0,0,0,0,0,20,15,5,55,20,10,5,0,5,20,15,30,20,10,15,15,5,15,15,0,4,0
177,2020-12-25 17:15:00,0,0,0,0,0,0,45,25,5,55,25,10,5,0,5,20,15,30,15,10,15,15,5,15,15,0,4,0
178,2020-12-25 17:30:00,0,0,0,0,0,0,30,25,5,60,25,10,5,0,5,25,15,20,20,5,5,15,5,15,20,0,4,0
179,2020-12-25 17:45:00,0,0,0,0,0,0,45,30,5,60,15,10,5,0,5,15,5,20,20,5,5,15,5,10,20,0,4,0
180,2020-12-25 18:00:00,0,0,0,0,0,0,35,30,5,55,15,5,5,0,5,15,5,25,15,5,5,15,5,10,20,0,4,0
181,2020-12-25 18:15:00,0,0,0,0,0,0,45,25,5,55,10,5,5,0,5,15,5,25,15,5,5,15,5,15,20,0,4,0
182,2020-12-25 18:30:00,0,0,0,0,0,0,30,15,5,60,10,5,5,0,5,15,5,25,10,5,5,5,5,15,20,0,4,0
183,2020-12-25 18:45:00,0,0,0,0,0,0,20,25,5,60,10,5,5,0,5,15,5,15,20,5,0,5,5,15,15,0,4,0
184,2020-12-25 19:00:00,0,0,35,0,0,0,40,25,5,45,10,5,5,0,5,10,5,15,10,5,0,5,5,10,15,0,4,0
185,2020-12-25 19:15:00,0,50,40,0,40,25,20,30,5,55,10,5,5,0,5,10,5,15,10,5,0,5,5,10,15,0,4,0
186,2020-12-25 19:30:00,0,50,50,0,55,40,0,15,5,55,10,5,5,0,5,10,5,15,5,5,0,5,5,5,15,0,4,0
187,2020-12-25 19:45:00,0,50,55,35,55,40,0,0,5,45,10,5,5,0,5,10,5,15,5,5,0,5,5,5,15,0,4,0
188,2020-12-25 20:00:00,0,50,40,50,50,35,0,0,5,45,10,5,5,0,5,5,5,5,5,5,0,5,5,5,15,0,4,0
189,2020-12-25 20:15:00,0,45,40,0,45,25,0,0,5,0,10,5,5,0,5,5,5,5,5,5,0,5,5,5,15,0,4,0
190,2020-12-25 20:30:00,0,50,0,0,0,30,0,0,5,0,10,5,5,0,5,5,5,5,5,5,0,5,0,5,15,0,4,0
191,2020-12-25 20:45:00,0,40,0,0,0,30,0,0,5,0,10,5,5,0,5,5,5,5,5,5,0,5,0,5,15,0,4,0
192,2020-12-26 09:00:00,0,0,20,30,0,0,0,0,5,0,10,0,0,0,5,0,0,5,0,0,0,0,0,0,5,0,5,1
193,2020-12-26 09:15:00,0,80,25,30,0,5,0,0,5,0,10,0,0,0,5,5,0,5,0,0,0,0,0,5,5,0,5,1
194,2020-12-26 09:30:00,0,0,40,40,25,5,0,0,5,0,10,0,5,0,5,5,0,5,0,0,0,0,0,5,5,0,5,1
195,2020-12-26 09:45:00,0,0,50,50,40,20,0,0,5,35,15,0,5,0,5,5,0,5,0,0,0,5,5,5,5,0,5,1
196,2020-12-26 10:00:00,0,0,40,50,0,45,30,0,10,30,15,0,5,5,5,5,0,5,0,0,0,5,5,5,5,0,5,1
197,2020-12-26 10:15:00,0,0,40,0,0,45,20,0,10,35,20,0,5,10,5,15,10,5,10,0,0,5,5,5,5,0,5,1
198,2020-12-26 10:30:00,0,0,40,0,0,60,35,15,10,35,25,0,5,10,5,15,10,10,10,0,0,5,5,5,5,0,5,1
199,2020-12-26 10:45:00,0,0,40,0,0,45,20,30,10,30,35,15,5,10,5,15,20,10,10,5,0,5,5,5,5,0,5,1
200,2020-12-26 11:00:00,0,0,50,0,0,45,40,35,15,0,35,15,5,5,5,15,20,10,5,10,0,0,0,10,5,0,5,1
201,2020-12-26 11:15:00,0,0,50,0,0,45,35,35,15,0,25,15,5,5,5,15,5,10,10,10,0,0,0,10,5,0,5,1
202,2020-12-26 11:30:00,0,0,40,0,0,45,45,35,15,0,20,15,5,5,5,20,5,10,10,10,0,0,0,10,5,0,5,1
203,2020-12-26 11:45:00,0,0,35,0,0,45,30,25,15,15,20,15,5,5,5,20,10,10,10,10,5,5,5,10,5,0,5,1
204,2020-12-26 12:00:00,0,0,0,0,0,45,50,30,10,15,20,10,5,10,5,25,10,15,10,5,5,5,5,10,15,0,5,1
205,2020-12-26 12:15:00,0,0,0,0,0,45,35,25,5,30,25,15,5,10,5,20,10,15,5,5,5,5,5,10,10,0,5,1
206,2020-12-26 12:30:00,0,0,0,0,0,45,20,30,5,30,25,10,5,10,5,20,15,15,5,5,5,5,5,10,10,5,5,1
207,2020-12-26 12:45:00,0,0,0,0,0,45,40,30,5,30,25,10,5,10,5,20,10,15,5,5,5,5,5,10,10,5,5,1
208,2020-12-26 13:00:00,0,0,0,0,0,0,25,30,5,30,25,10,5,10,5,20,10,15,5,10,5,5,5,10,15,5,5,1
209,2020-12-26 13:15:00,0,0,0,0,0,0,45,30,5,40,25,10,5,10,10,20,15,15,5,5,5,5,5,10,10,5,5,1
210,2020-12-26 13:30:00,0,0,0,0,0,0,30,30,5,40,25,10,5,5,10,20,10,15,15,5,5,5,5,10,10,5,5,1
211,2020-12-26 13:45:00,0,0,0,0,0,0,0,25,5,0,25,10,5,10,5,25,10,20,15,10,5,5,5,15,15,5,5,1
212,2020-12-26 14:00:00,0,0,0,0,0,0,0,0,10,0,25,15,5,10,5,25,20,20,15,10,0,0,0,30,15,5,5,1
213,2020-12-26 14:15:00,0,0,0,0,0,0,0,0,10,0,30,15,10,10,5,25,20,25,15,10,0,0,0,30,15,10,5,1
214,2020-12-26 14:30:00,0,0,0,0,0,0,0,0,10,0,30,15,5,15,5,20,20,20,20,10,0,0,0,30,20,10,5,1
215,2020-12-26 14:45:00,0,0,0,0,0,0,0,0,10,30,30,15,5,10,5,25,20,25,15,10,5,5,5,30,15,15,5,1
216,2020-12-26 15:00:00,0,0,0,0,0,0,0,0,5,40,25,15,5,15,10,15,10,20,15,10,10,5,5,10,15,5,5,1
217,2020-12-26 15:15:00,0,0,0,0,0,0,0,0,10,35,25,5,5,15,5,20,10,15,15,10,10,5,5,10,15,5,5,1
218,2020-12-26 15:30:00,0,0,0,0,0,0,0,0,5,35,25,5,5,15,5,30,20,25,15,5,10,20,5,15,10,5,5,1
219,2020-12-26 15:45:00,0,0,0,0,0,0,0,0,5,50,25,5,5,15,5,25,15,20,20,10,20,15,5,15,10,5,5,1
220,2020-12-26 16:00:00,0,0,0,0,0,0,0,0,5,50,25,5,5,15,5,20,10,25,15,10,25,15,5,15,10,15,5,1
221,2020-12-26 16:15:00,0,0,0,0,0,0,0,0,5,50,25,15,5,10,5,25,5,25,15,10,25,25,5,10,15,10,5,1
222,2020-12-26 16:30:00,0,0,0,0,0,0,0,0,5,50,25,15,5,5,5,15,15,20,15,10,25,20,5,10,15,5,5,1
223,2020-12-26 16:45:00,0,0,0,0,0,0,0,0,5,50,25,15,5,5,5,30,20,20,20,5,10,10,5,10,15,5,5,1
224,2020-12-26 17:00:00,0,0,0,0,0,0,20,0,5,45,20,10,5,5,5,20,15,20,20,10,10,10,5,15,15,0,5,1
225,2020-12-26 17:15:00,0,0,0,0,0,0,40,30,5,50,20,5,5,5,5,20,5,30,15,10,10,10,5,10,15,0,5,1
226,2020-12-26 17:30:00,0,0,0,0,0,0,25,25,5,45,20,10,5,10,5,15,5,20,15,5,5,10,5,15,15,0,5,1
227,2020-12-26 17:45:00,0,0,0,0,0,0,45,30,5,45,20,10,5,5,5,15,5,15,15,5,5,10,5,20,15,0,5,1
228,2020-12-26 18:00:00,0,0,0,0,0,0,35,30,5,40,10,5,5,5,5,20,5,15,10,10,5,10,5,20,15,0,5,1
229,2020-12-26 18:15:00,0,0,0,0,0,0,50,30,5,50,10,5,5,5,5,20,5,15,15,5,5,10,5,10,15,0,5,1
230,2020-12-26 18:30:00,0,0,0,0,0,0,30,40,5,50,10,5,5,5,5,20,10,15,10,5,5,10,5,10,20,0,5,1
231,2020-12-26 18:45:00,0,0,0,0,0,0,50,25,5,45,10,5,5,5,5,20,5,15,10,5,5,10,5,10,20,0,5,1
232,2020-12-26 19:00:00,0,30,10,0,25,0,40,25,5,55,10,5,5,5,5,20,10,15,15,5,0,10,5,10,20,0,5,1
233,2020-12-26 19:15:00,0,45,20,35,35,25,20,25,5,55,10,5,5,5,5,10,10,15,5,5,0,10,5,10,20,0,5,1
234,2020-12-26 19:30:00,0,50,20,35,40,25,0,15,5,45,10,5,5,5,5,5,10,10,10,5,0,10,5,10,15,0,5,1
235,2020-12-26 19:45:00,0,50,25,40,35,25,0,0,5,45,10,5,5,5,5,5,10,10,10,5,0,10,5,5,20,0,5,1
236,2020-12-26 20:00:00,0,45,25,40,30,25,0,0,5,35,10,5,5,5,5,10,5,10,5,5,0,10,5,5,10,0,5,1
237,2020-12-26 20:15:00,0,45,25,40,30,25,0,0,5,35,10,5,5,5,5,10,5,10,5,5,0,10,5,5,5,0,5,1
238,2020-12-26 20:30:00,0,40,20,35,30,25,0,0,5,0,10,5,5,5,5,5,5,10,5,5,0,10,0,5,5,0,5,1
239,2020-12-26 20:45:00,0,0,20,0,20,20,0,0,5,0,10,5,5,5,5,5,5,10,5,5,0,10,0,5,10,0,5,1
240,2020-12-27 09:00:00,0,60,5,30,5,5,0,0,5,0,10,0,0,0,0,5,0,5,0,0,0,0,0,5,0,0,6,1
241,2020-12-27 09:15:00,0,75,15,35,25,5,0,0,5,0,10,0,0,0,0,5,0,5,0,0,0,0,0,5,5,0,6,1
242,2020-12-27 09:30:00,0,75,40,40,30,10,0,0,5,0,10,0,0,0,0,5,0,5,0,0,0,0,0,5,5,0,6,1
243,2020-12-27 09:45:00,0,70,45,50,45,30,0,0,5,35,10,0,5,0,0,15,0,5,0,0,0,5,5,5,5,0,6,1
244,2020-12-27 10:00:00,0,0,50,55,50,40,0,0,10,35,20,5,5,5,0,15,0,5,5,5,0,5,5,5,5,0,6,1
245,2020-12-27 10:15:00,0,0,40,0,0,50,0,0,15,35,25,10,5,10,0,15,10,5,5,5,0,5,5,10,5,0,6,1
246,2020-12-27 10:30:00,0,0,45,0,0,50,0,0,20,40,30,15,5,10,0,25,10,5,5,5,0,5,5,10,5,0,6,1
247,2020-12-27 10:45:00,0,0,50,0,0,50,0,0,20,0,30,15,5,5,0,25,15,10,10,10,0,5,5,10,5,0,6,1
248,2020-12-27 11:00:00,0,0,55,0,0,55,0,15,20,0,40,15,5,10,0,25,15,15,10,5,0,0,0,15,5,0,6,1
249,2020-12-27 11:15:00,0,0,50,0,0,50,30,15,20,0,40,20,5,10,5,25,15,15,10,5,0,0,0,15,5,0,6,1
250,2020-12-27 11:30:00,0,0,35,0,0,50,10,25,15,0,35,20,5,10,5,25,15,15,15,10,0,0,0,15,5,0,6,1
251,2020-12-27 11:45:00,0,0,30,0,0,50,30,25,15,10,35,20,5,10,5,10,10,25,15,10,5,5,5,15,10,0,6,1
252,2020-12-27 12:00:00,0,0,0,0,0,0,45,25,15,10,35,20,5,5,5,10,10,25,15,10,5,5,5,5,10,5,6,1
253,2020-12-27 12:15:00,0,0,0,0,0,0,35,30,15,15,30,10,5,5,10,25,15,25,15,10,5,5,5,5,10,5,6,1
254,2020-12-27 12:30:00,0,0,0,0,0,0,50,30,15,35,30,15,5,10,15,25,15,25,15,5,5,5,5,10,10,5,6,1
255,2020-12-27 12:45:00,0,0,0,0,0,0,45,30,15,35,30,15,5,10,10,25,20,15,15,10,5,5,5,10,10,5,6,1
256,2020-12-27 13:00:00,0,0,0,0,0,0,20,30,10,35,30,15,5,10,15,15,20,15,15,10,5,15,5,10,10,5,6,1
257,2020-12-27 13:15:00,0,0,0,0,0,0,50,25,15,35,30,15,5,15,10,15,20,25,15,10,5,15,5,10,15,5,6,1
258,2020-12-27 13:30:00,0,0,0,0,0,0,30,35,15,40,30,15,5,15,15,15,20,25,20,15,10,5,5,10,10,5,6,1
259,2020-12-27 13:45:00,0,0,0,0,0,0,0,25,20,0,25,15,5,15,15,15,20,25,15,15,0,0,5,15,15,10,6,1
260,2020-12-27 14:00:00,0,0,0,0,0,0,0,0,15,0,25,15,5,15,10,30,20,25,15,10,0,0,0,15,15,5,6,1
261,2020-12-27 14:15:00,0,0,0,0,0,0,0,0,20,0,25,15,5,10,10,30,20,25,15,10,0,0,0,15,10,10,6,1
262,2020-12-27 14:30:00,0,0,0,0,0,0,0,0,15,0,30,15,5,15,15,30,20,20,15,10,0,0,0,15,20,10,6,1
263,2020-12-27 14:45:00,0,0,0,0,0,0,0,0,15,25,35,10,5,10,10,30,20,20,15,15,5,5,5,15,20,20,6,1
264,2020-12-27 15:00:00,0,0,0,0,0,0,0,0,15,35,30,10,5,5,15,30,25,20,15,10,5,5,5,15,15,15,6,1
265,2020-12-27 15:15:00,0,0,0,0,0,0,0,0,15,45,30,15,5,5,5,25,20,25,10,5,5,15,5,15,15,20,6,1
266,2020-12-27 15:30:00,0,0,0,0,0,0,0,0,10,45,25,15,5,10,5,20,20,25,15,5,10,15,5,15,15,15,6,1
267,2020-12-27 15:45:00,0,0,0,0,0,0,0,0,5,45,25,15,5,10,5,20,20,25,20,5,10,15,5,20,15,5,6,1
268,2020-12-27 16:00:00,0,0,0,0,0,0,0,0,5,50,25,15,5,15,10,20,15,25,15,5,10,15,10,20,15,5,6,1
269,2020-12-27 16:15:00,0,0,0,0,0,0,0,0,10,45,25,20,5,5,10,20,15,20,15,10,10,15,10,15,20,5,6,1
270,2020-12-27 16:30:00,0,0,0,0,0,0,0,0,10,50,25,20,5,10,5,20,15,20,15,5,10,15,10,10,20,15,6,1
271,2020-12-27 16:45:00,0,0,0,0,0,0,0,0,5,45,25,20,5,10,5,20,15,15,15,5,10,20,10,15,20,0,6,1
272,2020-12-27 17:00:00,0,0,0,0,0,0,20,0,5,45,25,15,5,15,5,30,20,20,10,10,10,20,10,15,20,0,6,1
273,2020-12-27 17:15:00,0,0,0,0,0,0,40,30,10,55,25,15,5,15,5,25,20,20,10,10,10,20,10,15,15,0,6,1
274,2020-12-27 17:30:00,0,0,0,0,0,0,30,25,10,50,25,15,5,15,5,20,20,20,15,10,10,15,10,20,20,0,6,1
275,2020-12-27 17:45:00,0,0,0,0,0,0,55,25,5,50,25,5,5,10,5,50,20,20,15,10,15,15,10,20,15,0,6,1
276,2020-12-27 18:00:00,0,0,0,0,0,0,30,25,5,45,15,5,5,15,5,30,10,15,10,5,10,15,10,15,15,0,6,1
277,2020-12-27 18:15:00,0,0,0,0,0,0,50,30,5,45,15,5,5,10,5,10,5,10,10,5,10,10,10,10,20,0,6,1
278,2020-12-27 18:30:00,0,0,0,0,0,0,40,30,5,40,15,5,5,10,5,20,10,10,10,5,10,10,10,15,20,0,6,1
279,2020-12-27 18:45:00,0,0,0,0,0,0,50,40,5,40,15,5,5,5,5,20,10,15,5,5,10,10,10,15,15,0,6,1
280,2020-12-27 19:00:00,0,35,15,0,0,0,40,25,5,40,10,5,5,5,5,20,10,15,5,5,0,5,10,10,15,0,6,1
281,2020-12-27 19:15:00,0,45,25,40,20,25,40,30,5,40,10,5,5,5,5,15,10,15,5,5,0,5,10,10,20,0,6,1
282,2020-12-27 19:30:00,0,45,25,40,30,25,0,0,5,45,10,5,5,5,5,10,10,10,5,5,0,5,10,10,15,0,6,1
283,2020-12-27 19:45:00,0,55,25,45,30,30,0,0,5,45,10,5,5,5,5,10,5,10,5,5,0,5,10,5,15,0,6,1
284,2020-12-27 20:00:00,0,55,25,40,30,25,0,0,5,15,10,5,5,5,5,15,5,5,5,5,0,5,10,5,10,0,6,1
285,2020-12-27 20:15:00,0,50,25,40,30,30,0,0,5,35,10,5,5,5,5,10,5,5,5,5,0,5,10,5,10,0,6,1
286,2020-12-27 20:30:00,0,40,25,35,25,25,0,0,5,35,10,5,5,5,5,10,5,5,5,5,0,5,0,5,10,0,6,1
287,2020-12-27 20:45:00,0,35,20,25,15,20,0,0,5,0,10,5,5,5,5,5,5,5,5,5,0,5,0,5,10,0,6,1
288,2020-12-28 09:00:00,0,45,0,30,10,5,0,0,0,0,0,0,0,0,5,5,0,5,0,0,0,0,0,5,5,0,0,0
289,2020-12-28 09:15:00,0,70,0,40,15,5,0,0,0,0,10,0,0,0,5,5,0,5,0,0,0,0,0,5,5,0,0,0
290,2020-12-28 09:30:00,0,85,20,50,45,15,0,0,0,0,10,0,0,0,5,5,0,5,0,0,0,0,0,5,5,0,0,0
291,2020-12-28 09:45:00,0,0,40,55,50,35,0,0,0,30,15,0,0,0,5,15,0,5,0,0,0,5,5,5,5,0,0,0
292,2020-12-28 10:00:00,0,0,55,60,50,50,0,15,0,40,25,0,10,5,5,20,0,10,0,5,0,5,5,5,5,0,0,0
293,2020-12-28 10:15:00,0,0,50,0,0,45,0,15,0,40,25,15,10,10,5,15,10,10,5,5,0,5,5,5,5,0,0,0
294,2020-12-28 10:30:00,0,0,50,0,0,45,0,30,5,20,25,20,5,5,5,20,10,10,10,5,0,5,5,5,5,0,0,0
295,2020-12-28 10:45:00,0,0,45,0,0,50,20,30,15,0,30,20,5,5,5,20,15,10,5,5,0,5,5,5,5,0,0,0
296,2020-12-28 11:00:00,0,0,50,0,0,50,10,30,20,0,30,20,5,5,5,20,15,15,5,5,0,5,0,5,5,0,0,0
297,2020-12-28 11:15:00,0,0,45,0,0,50,30,30,20,0,25,15,5,5,5,20,15,15,5,5,0,0,0,10,10,0,0,0
298,2020-12-28 11:30:00,0,0,35,0,0,50,45,25,20,0,25,15,5,5,5,20,10,15,10,5,0,0,0,10,10,0,0,0
299,2020-12-28 11:45:00,0,0,35,0,0,40,35,25,20,10,25,15,5,5,5,20,10,15,10,10,5,5,5,10,5,0,0,0
300,2020-12-28 12:00:00,0,0,0,0,0,0,15,30,15,10,25,15,5,10,5,30,10,20,10,10,5,5,5,5,5,0,0,0
301,2020-12-28 12:15:00,0,0,0,0,0,0,30,25,15,15,20,10,5,5,5,30,10,20,10,10,5,5,5,5,5,5,0,0
302,2020-12-28 12:30:00,0,0,0,0,0,0,20,30,15,25,25,15,5,5,5,30,10,20,10,10,5,5,5,5,15,5,0,0
303,2020-12-28 12:45:00,0,0,0,0,0,0,40,30,15,25,25,10,5,5,5,30,15,15,10,10,5,5,5,5,15,5,0,0
304,2020-12-28 13:00:00,0,0,0,0,0,0,20,30,10,15,25,10,5,10,5,30,15,15,10,10,5,5,5,10,10,5,0,0
305,2020-12-28 13:15:00,0,0,0,0,0,0,15,25,10,35,20,10,5,10,5,20,15,25,10,5,5,5,5,10,5,5,0,0
306,2020-12-28 13:30:00,0,0,0,0,0,0,30,25,15,35,15,5,5,15,5,20,15,20,10,10,5,5,5,10,5,5,0,0
307,2020-12-28 13:45:00,0,0,0,0,0,0,0,25,15,0,15,5,5,15,5,15,15,20,10,5,5,5,5,10,15,5,0,0
308,2020-12-28 14:00:00,0,0,0,0,0,0,0,0,10,0,15,10,5,15,5,20,20,20,15,5,0,0,0,10,15,5,0,0
309,2020-12-28 14:15:00,0,0,0,0,0,0,0,0,10,0,15,15,10,5,5,20,15,20,15,5,0,0,0,15,10,5,0,0
310,2020-12-28 14:30:00,0,0,0,0,0,0,0,0,10,0,15,15,5,10,5,20,15,25,15,10,0,0,0,15,15,15,0,0
311,2020-12-28 14:45:00,0,0,0,0,0,0,0,0,10,20,15,15,5,10,5,20,15,15,15,10,5,5,5,10,15,5,0,0
312,2020-12-28 15:00:00,0,0,0,0,0,0,0,0,10,30,15,15,5,15,5,25,15,15,15,10,5,5,5,10,10,5,0,0
313,2020-12-28 15:15:00,0,0,0,0,0,0,0,0,10,25,15,15,5,5,5,25,15,20,20,10,5,5,5,15,15,5,0,0
314,2020-12-28 15:30:00,0,0,0,0,0,0,0,0,10,30,15,15,5,10,5,20,10,20,15,5,5,5,5,15,10,5,0,0
315,2020-12-28 15:45:00,0,0,0,0,0,0,0,0,10,40,15,5,5,10,5,30,10,15,15,15,5,5,15,15,15,5,0,0
316,2020-12-28 16:00:00,0,0,0,0,0,0,0,0,5,40,15,5,5,5,5,20,10,25,15,15,5,15,5,20,15,5,0,0
317,2020-12-28 16:15:00,0,0,0,0,0,0,0,0,5,40,15,5,5,10,5,20,10,25,15,10,5,15,5,15,15,10,0,0
318,2020-12-28 16:30:00,0,0,0,0,0,0,0,0,5,40,15,5,5,10,5,20,10,20,15,10,5,15,5,15,15,10,0,0
319,2020-12-28 16:45:00,0,0,0,0,0,0,0,0,5,50,15,10,5,10,5,25,10,20,15,10,5,15,5,15,15,0,0,0
320,2020-12-28 17:00:00,0,0,0,0,0,0,0,30,5,50,15,10,5,10,5,20,15,15,15,10,10,15,5,20,10,0,0,0
321,2020-12-28 17:15:00,0,0,0,0,0,0,0,30,5,45,15,10,5,10,5,15,10,20,15,10,10,15,5,15,15,0,0,0
322,2020-12-28 17:30:00,0,0,0,0,0,0,0,25,10,35,15,10,5,10,5,20,10,20,15,10,15,15,5,15,15,0,0,0
323,2020-12-28 17:45:00,0,0,0,0,0,0,0,25,5,35,10,10,5,10,5,20,10,20,10,5,5,15,5,15,15,0,0,0
324,2020-12-28 18:00:00,0,0,0,0,0,0,25,30,5,35,10,5,5,10,5,20,10,15,10,5,5,10,5,15,15,0,0,0
325,2020-12-28 18:15:00,0,0,0,0,0,0,15,30,5,40,10,5,5,5,5,15,10,15,10,5,5,10,5,15,15,0,0,0
326,2020-12-28 18:30:00,0,0,0,0,0,0,30,25,5,45,10,5,5,10,5,15,10,10,10,5,5,10,5,15,15,0,0,0
327,2020-12-28 18:45:00,0,0,0,0,0,0,20,15,5,45,10,5,5,5,5,15,10,15,10,5,5,10,5,10,15,0,0,0
328,2020-12-28 19:00:00,0,45,15,0,20,30,35,25,5,40,10,5,5,5,5,15,5,15,10,5,0,10,5,10,15,0,0,0
329,2020-12-28 19:15:00,0,45,25,45,25,30,20,30,5,40,10,5,5,5,5,15,5,10,10,5,0,10,5,5,15,0,0,0
330,2020-12-28 19:30:00,0,45,25,40,35,30,5,0,5,40,10,5,5,5,5,10,5,10,5,5,0,5,5,5,15,0,0,0
331,2020-12-28 19:45:00,0,40,25,35,35,30,0,0,5,40,10,5,5,5,5,10,5,10,5,5,0,5,5,5,15,0,0,0
332,2020-12-28 20:00:00,0,40,25,35,25,35,0,0,5,30,10,5,5,5,5,10,5,5,5,5,0,5,5,5,10,0,0,0
333,2020-12-28 20:15:00,0,40,20,35,20,25,0,0,5,35,10,5,5,5,5,5,5,5,5,5,0,5,5,5,10,0,0,0
334,2020-12-28 20:30:00,0,35,20,0,20,25,0,0,5,0,10,5,5,5,5,5,5,5,5,5,0,5,0,5,10,0,0,0
335,2020-12-28 20:45:00,0,30,20,0,15,20,0,0,5,0,10,5,5,5,5,5,5,5,5,5,0,5,0,5,10,0,0,0
336,2020-12-29 09:00:00,0,80,0,30,15,0,0,0,5,0,10,0,0,0,5,5,0,5,0,0,0,0,0,5,5,0,1,0
337,2020-12-29 09:15:00,0,90,25,40,30,5,0,0,5,0,10,0,0,0,5,5,0,5,0,0,0,0,0,5,5,0,1,0
338,2020-12-29 09:30:00,0,70,35,60,45,25,0,0,5,0,10,0,0,0,5,5,0,5,0,0,0,0,0,5,5,0,1,0
339,2020-12-29 09:45:00,0,70,50,65,50,40,0,0,10,40,10,0,5,0,5,5,0,5,0,0,0,5,5,10,5,0,1,0
340,2020-12-29 10:00:00,0,0,50,65,0,60,30,15,20,40,20,5,5,5,5,20,0,5,5,5,0,5,5,15,5,0,1,0
341,2020-12-29 10:15:00,0,0,55,0,0,50,20,15,20,40,30,15,5,10,5,25,15,5,5,5,0,5,5,20,5,0,1,0
342,2020-12-29 10:30:00,0,0,50,0,0,60,35,30,20,20,30,25,5,10,5,30,20,10,5,5,0,5,5,20,5,0,1,0
343,2020-12-29 10:45:00,0,0,50,0,0,60,20,30,20,0,30,25,5,10,5,30,20,15,10,10,0,5,5,5,5,0,1,0
344,2020-12-29 11:00:00,0,0,55,0,0,60,40,45,20,0,30,20,5,10,5,20,20,15,15,10,0,0,0,10,5,0,1,0
345,2020-12-29 11:15:00,0,0,50,0,0,60,30,40,25,0,35,20,5,10,5,25,20,15,10,10,0,0,0,15,5,0,1,0
346,2020-12-29 11:30:00,0,0,40,0,0,60,45,40,20,0,35,20,5,10,5,25,20,20,10,5,0,0,0,10,10,0,1,0
347,2020-12-29 11:45:00,0,0,30,0,0,50,30,25,15,15,35,20,5,10,5,25,20,20,10,10,5,5,5,10,10,0,1,0
348,2020-12-29 12:00:00,0,0,0,0,0,0,45,25,15,15,35,15,5,10,5,25,20,20,15,10,5,5,5,10,15,0,1,0
349,2020-12-29 12:15:00,0,0,0,0,0,0,35,30,20,20,35,15,5,10,5,25,20,20,15,5,5,5,5,15,15,0,1,0
350,2020-12-29 12:30:00,0,0,0,0,0,0,25,30,15,30,30,15,5,10,5,30,20,20,10,10,5,5,5,15,15,0,1,0
351,2020-12-29 12:45:00,0,0,0,0,0,0,40,30,15,35,30,15,5,10,5,25,10,25,20,10,5,5,5,10,15,0,1,0
352,2020-12-29 13:00:00,0,0,0,0,0,0,30,40,15,40,30,15,5,15,5,25,20,25,25,10,5,5,5,15,15,10,1,0
353,2020-12-29 13:15:00,0,0,0,0,0,0,45,25,20,25,30,15,5,15,5,25,15,20,15,10,5,5,5,15,10,10,1,0
354,2020-12-29 13:30:00,0,0,0,0,0,0,25,25,15,25,30,15,5,15,15,25,15,25,15,10,25,5,5,10,15,10,1,0
355,2020-12-29 13:45:00,0,0,0,0,0,0,25,25,15,0,30,15,10,15,15,25,25,25,20,15,0,5,5,15,15,10,1,0
356,2020-12-29 14:00:00,0,0,0,0,0,0,0,0,10,0,30,15,15,15,10,25,20,25,20,10,0,0,0,15,15,10,1,0
357,2020-12-29 14:15:00,0,0,0,0,0,0,0,0,10,0,30,15,15,20,10,30,20,25,25,15,0,0,0,15,15,10,1,0
358,2020-12-29 14:30:00,0,0,0,0,0,0,0,0,10,0,40,15,15,15,15,35,20,15,25,10,0,0,0,20,15,10,1,0
359,2020-12-29 14:45:00,0,0,0,0,0,0,0,0,10,5,35,15,10,15,15,35,20,20,20,10,5,5,5,15,20,10,1,0
360,2020-12-29 15:00:00,0,0,0,0,0,0,0,0,15,35,30,15,10,15,15,20,20,25,25,10,5,5,5,15,20,10,1,0
361,2020-12-29 15:15:00,0,0,0,0,0,0,0,0,10,40,30,15,10,15,10,25,20,25,15,10,5,5,5,15,20,5,1,0
362,2020-12-29 15:30:00,0,0,0,0,0,0,0,0,5,35,30,15,5,15,10,25,20,20,15,10,5,5,5,20,15,5,1,0
363,2020-12-29 15:45:00,0,0,0,0,0,0,0,0,5,40,30,15,10,15,5,25,25,20,15,10,5,5,5,20,15,15,1,0
364,2020-12-29 16:00:00,0,0,0,0,0,0,0,0,10,40,30,15,10,15,5,25,20,25,20,10,10,15,5,20,15,15,1,0
365,2020-12-29 16:15:00,0,0,0,0,0,0,0,0,15,40,30,15,10,15,5,25,20,20,15,5,10,20,10,15,15,15,1,0
366,2020-12-29 16:30:00,0,0,0,0,0,0,0,0,15,50,25,20,10,15,5,30,20,20,20,10,15,20,10,15,20,15,1,0
367,2020-12-29 16:45:00,0,0,0,0,0,0,0,0,10,50,20,15,10,15,5,30,20,25,15,10,10,20,5,15,20,5,1,0
368,2020-12-29 17:00:00,0,0,0,0,0,0,0,0,5,50,25,15,10,15,5,25,15,20,15,10,10,20,5,15,20,0,1,0
369,2020-12-29 17:15:00,0,0,0,0,0,0,40,30,5,40,25,15,10,10,5,20,20,20,10,10,10,10,5,15,20,0,1,0
370,2020-12-29 17:30:00,0,0,0,0,0,0,25,25,5,40,30,15,10,15,5,25,20,20,10,10,10,5,5,15,15,0,1,0
371,2020-12-29 17:45:00,0,0,0,0,0,0,45,25,5,40,20,15,10,10,5,20,10,20,15,10,10,10,5,20,15,0,1,0
372,2020-12-29 18:00:00,0,0,0,0,0,0,30,30,5,50,15,15,10,15,5,20,10,20,10,5,15,15,5,15,15,0,1,0
373,2020-12-29 18:15:00,0,0,0,0,0,0,50,30,5,45,15,10,10,15,5,25,15,15,10,5,10,10,5,10,20,0,1,0
374,2020-12-29 18:30:00,0,0,0,0,0,0,40,30,5,45,10,10,10,15,5,25,15,15,10,5,10,15,5,10,15,0,1,0
375,2020-12-29 18:45:00,0,0,0,0,0,0,50,30,5,35,10,5,10,10,5,15,15,15,10,5,10,10,5,10,15,0,1,0
376,2020-12-29 19:00:00,0,0,20,45,40,0,35,40,5,40,20,5,10,10,5,20,15,15,10,5,0,10,5,10,15,0,1,0
377,2020-12-29 19:15:00,0,45,30,50,45,35,20,30,5,45,15,5,10,5,5,25,10,15,5,5,0,10,5,10,15,0,1,0
378,2020-12-29 19:30:00,0,50,35,50,50,40,0,15,5,40,15,5,10,5,5,10,5,15,5,5,0,5,5,5,15,0,1,0
379,2020-12-29 19:45:00,0,55,35,50,40,45,0,0,5,35,10,5,10,5,5,15,5,15,5,5,0,5,5,5,15,0,1,0
380,2020-12-29 20:00:00,0,60,25,45,35,40,0,0,5,35,10,5,10,5,5,15,5,5,5,5,0,5,5,5,15,0,1,0
381,2020-12-29 20:15:00,0,55,25,40,35,35,0,0,5,45,10,5,10,5,5,15,5,5,5,5,0,5,5,5,15,0,1,0
382,2020-12-29 20:30:00,0,45,30,0,30,30,0,0,5,45,10,5,10,5,5,15,5,5,5,5,0,10,0,5,15,0,1,0
383,2020-12-29 20:45:00,0,0,20,0,25,20,0,0,5,45,10,5,10,5,5,10,10,5,5,5,0,10,0,5,10,0,1,0
384,2020-12-30 09:00:00,0,60,0,0,10,5,0,0,5,0,0,0,0,0,5,5,0,5,0,0,0,0,0,5,5,0,2,0
385,2020-12-30 09:15:00,0,80,20,40,15,5,0,0,5,0,0,0,0,0,5,5,0,5,0,0,0,0,0,5,5,0,2,0
386,2020-12-30 09:30:00,0,75,45,50,40,5,0,0,5,0,0,0,5,0,5,5,0,10,0,0,0,0,0,5,5,0,2,0
387,2020-12-30 09:45:00,0,80,55,50,55,5,0,0,0,5,20,0,5,0,5,5,0,10,0,0,0,5,5,5,5,0,2,0
388,2020-12-30 10:00:00,0,0,60,0,55,0,0,10,0,5,30,0,5,5,0,0,5,25,0,0,0,5,5,5,5,0,2,0
389,2020-12-30 10:15:00,0,0,65,0,0,5,0,30,15,5,35,0,5,5,0,0,5,25,0,10,0,5,5,10,5,0,2,0
390,2020-12-30 10:30:00,0,0,50,0,0,20,0,30,20,5,30,0,5,5,0,0,5,25,20,20,0,5,5,10,5,0,2,0
391,2020-12-30 10:45:00,0,0,50,0,0,35,0,30,20,5,25,0,5,5,0,10,5,25,20,20,0,5,5,10,5,0,2,0
392,2020-12-30 11:00:00,0,0,50,0,0,55,0,40,25,0,25,0,5,5,0,20,5,25,15,10,0,0,0,15,5,0,2,0
393,2020-12-30 11:15:00,0,0,45,0,0,50,25,40,25,0,25,0,5,5,5,20,10,20,15,10,0,0,0,10,5,0,2,0
394,2020-12-30 11:30:00,0,0,45,0,0,55,45,40,20,0,25,10,5,5,5,20,15,20,15,10,0,0,0,10,5,0,2,0
395,2020-12-30 11:45:00,0,0,45,0,0,45,30,25,15,10,25,10,5,5,5,20,15,15,10,10,10,5,5,10,5,0,2,0
396,2020-12-30 12:00:00,0,0,0,0,0,0,50,30,10,10,25,10,5,5,10,25,15,20,10,5,10,5,5,10,5,0,2,0
397,2020-12-30 12:15:00,0,0,0,0,0,0,35,30,20,5,25,5,5,5,10,25,5,20,10,5,10,5,5,10,5,5,2,0
398,2020-12-30 12:30:00,0,0,0,0,0,0,50,30,15,15,30,5,5,5,10,25,10,15,10,5,10,5,5,5,10,5,2,0
399,2020-12-30 12:45:00,0,0,0,0,0,0,40,30,15,15,25,10,5,5,10,25,10,15,10,5,10,5,5,5,10,5,2,0
400,2020-12-30 13:00:00,0,0,0,0,0,0,25,30,15,30,25,10,5,10,10,20,20,15,10,10,10,5,5,5,15,5,2,0
401,2020-12-30 13:15:00,0,0,0,0,0,0,40,25,20,25,30,10,5,10,10,25,15,15,15,10,10,5,5,10,15,5,2,0
402,2020-12-30 13:30:00,0,0,0,0,0,0,35,25,15,25,30,10,5,10,10,25,5,15,15,10,10,5,5,10,10,5,2,0
403,2020-12-30 13:45:00,0,0,0,0,0,0,0,30,15,20,30,10,5,10,5,25,10,20,15,10,10,5,5,10,10,5,2,0
404,2020-12-30 14:00:00,0,0,0,0,0,0,0,0,15,0,20,15,10,10,5,20,10,20,15,5,0,0,5,10,15,5,2,0
405,2020-12-30 14:15:00,0,0,0,0,0,0,0,0,15,0,25,15,5,10,5,20,20,15,10,5,0,0,5,15,15,5,2,0
406,2020-12-30 14:30:00,0,0,0,0,0,0,0,0,15,0,30,10,5,10,5,30,20,15,10,5,0,0,5,15,15,5,2,0
407,2020-12-30 14:45:00,0,0,0,0,0,0,0,0,10,25,25,15,5,10,5,30,20,15,10,5,10,5,5,15,10,5,2,0
408,2020-12-30 15:00:00,0,0,0,0,0,0,0,0,15,25,20,15,5,10,5,25,15,20,10,5,10,5,5,10,10,5,2,0
409,2020-12-30 15:15:00,0,0,0,0,0,0,0,0,15,25,20,10,5,10,5,30,15,20,15,10,10,15,5,10,15,5,2,0
410,2020-12-30 15:30:00,0,0,0,0,0,0,0,0,5,30,20,10,5,15,5,30,15,20,10,10,10,15,5,10,15,5,2,0
411,2020-12-30 15:45:00,0,0,0,0,0,0,0,0,20,30,20,5,5,15,5,30,20,20,10,5,10,15,5,10,15,5,2,0
412,2020-12-30 16:00:00,0,0,0,0,0,0,0,0,10,30,25,5,5,15,5,30,15,20,10,10,10,15,5,15,15,5,2,0
413,2020-12-30 16:15:00,0,0,0,0,0,0,0,0,5,35,25,5,5,10,5,30,15,15,10,10,10,15,5,15,15,5,2,0
414,2020-12-30 16:30:00,0,0,0,0,0,0,0,0,5,40,25,20,5,15,5,30,20,15,10,10,10,15,5,15,15,5,2,0
415,2020-12-30 16:45:00,0,0,0,0,0,0,0,0,5,40,45,20,5,15,5,30,20,20,10,10,10,5,5,15,15,5,2,0
416,2020-12-30 17:00:00,0,0,0,0,0,0,20,25,5,40,45,15,5,15,5,20,20,15,15,5,10,5,5,15,15,0,2,0
417,2020-12-30 17:15:00,0,0,0,0,0,0,45,25,5,40,40,10,5,10,5,20,20,20,25,5,10,5,5,15,15,0,2,0
418,2020-12-30 17:30:00,0,0,0,0,0,0,35,25,5,40,20,5,5,15,5,20,15,15,15,5,10,5,5,15,15,0,2,0
419,2020-12-30 17:45:00,0,0,0,0,0,0,45,30,5,40,10,5,5,15,5,25,10,15,15,5,10,5,5,10,15,0,2,0
420,2020-12-30 18:00:00,0,0,0,0,0,0,35,30,5,40,10,5,5,15,5,25,5,15,10,5,10,15,5,15,15,0,2,0
421,2020-12-30 18:15:00,0,0,0,0,0,0,60,30,5,0,15,5,5,5,5,20,5,15,15,5,0,0,0,15,15,0,2,0
422,2020-12-30 18:30:00,0,0,0,0,0,0,35,25,5,0,20,5,5,5,5,15,5,15,15,5,0,0,0,15,20,0,2,0
423,2020-12-30 18:45:00,0,0,0,0,0,0,55,35,5,0,15,5,5,5,5,15,5,15,15,5,0,0,0,15,20,0,2,0
424,2020-12-30 19:00:00,0,0,20,30,0,30,35,30,5,0,15,5,5,5,5,15,5,15,10,5,0,0,0,10,20,0,2,0
425,2020-12-30 19:15:00,0,45,20,45,30,35,20,30,5,0,10,5,5,5,5,15,5,15,10,5,0,0,0,10,20,0,2,0
426,2020-12-30 19:30:00,0,45,15,50,30,35,0,25,5,0,10,5,5,5,5,5,5,10,10,5,0,0,0,10,20,0,2,0
427,2020-12-30 19:45:00,0,50,20,50,35,30,0,0,5,0,10,5,5,5,5,5,5,10,5,5,0,0,0,10,20,0,2,0
428,2020-12-30 20:00:00,0,50,25,40,35,35,0,0,5,0,10,5,5,0,5,5,5,10,5,5,0,0,0,5,20,0,2,0
429,2020-12-30 20:15:00,0,45,25,40,40,25,0,0,5,0,10,5,5,0,5,5,5,10,5,5,0,0,0,5,20,0,2,0
430,2020-12-30 20:30:00,0,40,25,35,30,15,0,0,5,0,10,5,5,0,5,5,5,5,5,5,0,0,0,5,10,0,2,0
431,2020-12-30 20:45:00,0,35,15,25,0,15,0,0,5,0,10,5,5,0,5,5,5,5,5,5,0,0,0,5,10,0,2,0
432,2020-12-31 09:00:00,0,0,0,0,55,10,0,0,5,0,15,0,0,0,5,0,0,5,0,0,0,0,0,0,5,0,3,0
433,2020-12-31 09:15:00,0,0,20,0,65,25,0,0,15,0,20,0,0,0,5,10,0,5,0,0,0,0,0,10,5,0,3,0
434,2020-12-31 09:30:00,0,0,50,10,70,30,0,0,20,0,25,0,5,0,5,15,0,5,0,0,0,0,0,10,5,0,3,0
435,2020-12-31 09:45:00,0,0,60,45,55,50,0,0,20,45,30,0,5,0,5,25,0,15,0,0,0,5,5,15,5,0,3,0
436,2020-12-31 10:00:00,0,15,50,60,55,45,30,15,25,35,35,15,5,5,5,30,10,15,0,5,0,5,5,10,5,0,3,0
437,2020-12-31 10:15:00,0,0,40,0,50,45,20,15,20,15,35,15,5,5,5,30,10,15,5,10,0,5,5,5,5,0,3,0
438,2020-12-31 10:30:00,0,0,40,0,0,45,30,20,20,15,35,15,5,10,5,20,15,10,5,15,0,5,5,5,5,0,3,0
439,2020-12-31 10:45:00,0,0,35,0,0,40,25,40,15,0,25,15,5,10,5,20,15,10,10,10,0,5,5,5,10,0,3,0
440,2020-12-31 11:00:00,0,0,45,0,0,45,40,40,15,0,25,15,5,10,5,15,5,10,10,10,0,0,0,10,5,0,3,0
441,2020-12-31 11:15:00,0,0,45,0,0,45,30,40,20,0,25,15,5,10,5,15,5,15,10,10,0,0,0,10,5,0,3,0
442,2020-12-31 11:30:00,0,0,50,0,0,45,50,30,15,0,25,15,5,5,5,25,10,15,15,10,0,0,0,15,10,0,3,0
443,2020-12-31 11:45:00,0,0,40,0,0,45,30,25,10,10,30,15,5,5,5,20,20,20,15,5,5,5,5,15,10,0,3,0
444,2020-12-31 12:00:00,0,0,0,0,0,0,50,25,10,10,30,15,5,10,5,25,20,25,15,10,5,5,5,15,10,5,3,0
445,2020-12-31 12:15:00,0,0,0,0,0,0,40,25,15,20,30,15,5,10,5,25,10,15,10,10,5,5,5,10,10,5,3,0
446,2020-12-31 12:30:00,0,0,0,0,0,0,20,25,10,30,30,15,5,15,5,25,10,20,10,15,5,5,5,10,15,5,3,0
447,2020-12-31 12:45:00,0,0,0,0,0,0,40,30,5,35,25,20,5,15,5,20,15,20,20,5,5,5,5,10,15,5,3,0
448,2020-12-31 13:00:00,0,0,0,0,0,0,30,30,5,25,25,20,5,15,5,25,15,15,15,10,5,5,5,10,15,5,3,0
449,2020-12-31 13:15:00,0,0,0,0,0,0,40,30,10,20,25,15,5,10,5,25,15,20,15,10,5,5,5,10,15,5,3,0
450,2020-12-31 13:30:00,0,0,0,0,0,0,20,30,10,30,25,15,5,15,10,25,20,20,20,10,5,5,5,10,15,5,3,0
451,2020-12-31 13:45:00,0,0,0,0,0,0,0,25,10,0,25,15,5,15,5,20,15,20,20,10,5,0,5,10,15,5,3,0
452,2020-12-31 14:00:00,0,0,0,0,0,0,0,0,10,0,25,10,10,15,5,15,15,20,15,5,0,0,0,15,20,5,3,0
453,2020-12-31 14:15:00,0,0,0,0,0,0,0,0,10,0,25,5,10,15,5,30,15,25,15,10,0,0,0,15,15,15,3,0
454,2020-12-31 14:30:00,0,0,0,0,0,0,0,0,10,0,25,15,10,15,5,30,15,15,20,10,0,0,0,20,20,15,3,0
455,2020-12-31 14:45:00,0,0,0,0,0,0,0,0,10,0,20,10,10,15,5,35,15,10,15,15,5,5,5,20,15,15,3,0
456,2020-12-31 15:00:00,0,0,0,0,0,0,0,0,10,35,25,15,10,15,5,20,20,15,15,15,5,5,5,20,15,15,3,0
457,2020-12-31 15:15:00,0,0,0,0,0,0,0,0,10,35,25,15,10,15,5,20,10,15,15,10,5,10,5,15,15,15,3,0
458,2020-12-31 15:30:00,0,0,0,0,0,0,0,0,10,40,25,15,10,15,5,25,10,20,15,5,5,20,5,20,15,15,3,0
459,2020-12-31 15:45:00,0,0,0,0,0,0,0,0,10,40,25,15,10,15,5,25,10,15,20,10,15,20,5,20,15,15,3,0
460,2020-12-31 16:00:00,0,0,0,0,0,0,0,0,10,40,20,15,10,15,5,25,15,20,15,15,10,20,5,10,15,15,3,0
461,2020-12-31 16:15:00,0,0,0,0,0,0,0,0,10,40,15,15,10,15,5,30,15,25,15,10,10,20,5,10,20,5,3,0
462,2020-12-31 16:30:00,0,0,0,0,0,0,0,0,10,40,20,15,10,15,5,25,15,20,15,10,10,20,5,15,20,10,3,0
463,2020-12-31 16:45:00,0,0,0,0,0,0,0,0,5,40,20,15,10,5,5,20,15,15,15,5,10,20,5,10,15,10,3,0
464,2020-12-31 17:00:00,0,0,0,0,0,0,0,0,5,40,25,10,10,15,5,20,10,15,15,10,10,5,5,15,15,0,3,0
465,2020-12-31 17:15:00,0,0,0,0,0,0,5,15,5,45,20,15,10,10,5,20,10,20,20,10,10,5,5,15,15,0,3,0
466,2020-12-31 17:30:00,0,0,0,0,0,0,20,15,5,45,15,10,10,10,5,15,10,15,15,5,10,10,5,15,15,0,3,0
467,2020-12-31 17:45:00,0,0,0,0,0,0,45,30,5,35,10,5,10,10,5,20,15,15,15,10,10,10,5,10,20,0,3,0
468,2020-12-31 18:00:00,0,0,0,0,0,0,35,25,5,30,15,5,10,10,5,20,5,15,10,10,10,10,5,15,20,0,3,0
469,2020-12-31 18:15:00,0,0,0,0,0,0,60,30,5,30,15,5,10,5,5,20,5,15,5,10,10,10,5,15,15,0,3,0
470,2020-12-31 18:30:00,0,0,0,25,0,0,35,30,5,30,10,5,10,5,5,15,10,20,5,10,10,10,5,10,15,0,3,0
471,2020-12-31 18:45:00,0,0,0,30,0,0,15,40,5,30,10,5,10,5,5,10,5,15,10,5,10,10,5,10,15,0,3,0
472,2020-12-31 19:00:00,0,50,10,50,0,15,35,30,5,40,10,5,10,5,5,10,5,15,10,5,0,10,5,10,15,0,3,0
473,2020-12-31 19:15:00,0,55,15,55,0,35,25,25,5,40,10,5,10,5,5,10,5,10,5,5,0,10,5,10,15,0,3,0
474,2020-12-31 19:30:00,0,50,30,50,15,35,0,0,5,35,10,5,10,5,5,10,5,10,5,5,0,10,5,5,15,0,3,0
475,2020-12-31 19:45:00,0,50,20,40,15,35,0,0,5,25,10,5,10,5,5,10,5,5,5,5,0,10,5,5,15,0,3,0
476,2020-12-31 20:00:00,0,45,20,40,20,20,0,0,5,15,10,5,10,5,5,10,5,5,5,5,0,10,5,5,10,0,3,0
477,2020-12-31 20:15:00,0,45,20,35,20,20,0,0,5,15,10,5,10,5,5,5,5,5,5,5,0,10,5,5,10,0,3,0
478,2020-12-31 20:30:00,0,0,20,30,20,15,0,0,5,25,10,5,10,5,5,5,5,5,5,5,0,10,0,5,10,0,3,0
479,2020-12-31 20:45:00,0,0,20,0,15,15,0,0,5,25,10,5,10,5,5,5,5,5,5,5,0,10,0,5,10,0,3,0
